Date,UpVotes Ratio,Stock,Count
Mon Mar  8 13:00:15 2021,0.96,twitter,1
Mon Mar  8 06:15:17 2021,0.92,cap,2
Mon Mar  8 06:15:17 2021,0.92,big,1
Mon Mar  8 06:15:17 2021,0.92,gain,1
Mon Mar  8 06:15:17 2021,0.92,good,1
Mon Mar  8 06:15:17 2021,0.92,mod,1
Mon Mar  8 06:15:17 2021,0.92,new,1
Mon Mar  8 06:15:17 2021,0.92,post,1
Mon Mar  8 05:30:21 2021,0.89,age,1
Mon Mar  8 05:30:21 2021,0.89,cap,1
Mon Mar  8 05:30:21 2021,0.89,mod,1
Mon Mar  8 13:50:57 2021,0.98,gme,6
Mon Mar  8 13:50:57 2021,0.98,mar,2
Mon Mar  8 13:50:57 2021,0.98,cone,1
Mon Mar  8 13:50:57 2021,0.98,gamestop,1
Mon Mar  8 13:50:57 2021,0.98,ice,1
Mon Mar  8 13:50:57 2021,0.98,mind,1
Mon Mar  8 04:10:54 2021,0.98,mms,4
Mon Mar  8 04:10:54 2021,0.98,best,3
Mon Mar  8 04:10:54 2021,0.98,bsm,2
Mon Mar  8 04:10:54 2021,0.98,aware,1
Mon Mar  8 04:10:54 2021,0.98,c,1
Mon Mar  8 04:10:54 2021,0.98,cold,1
Mon Mar  8 04:10:54 2021,0.98,new,1
Mon Mar  8 04:10:54 2021,0.98,tree,1
Mon Mar  8 04:10:54 2021,0.98,vs,1
Mon Mar  8 04:10:54 2021,0.98,wish,1
Mon Mar  8 12:16:18 2021,0.98,gamestop,2
Mon Mar  8 12:16:18 2021,0.98,best,1
Mon Mar  8 12:16:18 2021,0.98,gme,1
Mon Mar  8 12:16:18 2021,0.98,life,1
Mon Mar  8 12:16:18 2021,0.98,plus,1
Mon Mar  8 12:16:18 2021,0.98,target,1
Mon Mar  8 14:55:25 2021,0.87,gme,2
Mon Mar  8 14:55:25 2021,0.87,life,2
Mon Mar  8 14:55:25 2021,0.87,bro,1
Mon Mar  8 14:55:25 2021,0.87,fact,1
Mon Mar  8 14:55:25 2021,0.87,kids,1
Mon Mar  8 14:55:25 2021,0.87,love,1
Mon Mar  8 14:55:25 2021,0.87,play,1
Mon Mar  8 14:55:25 2021,0.87,true,1
Mon Mar  8 14:55:25 2021,0.87,work,1
Mon Mar  8 14:55:25 2021,0.87,wrap,1
Mon Mar  8 10:39:42 2021,0.94,life,4
Mon Mar  8 10:39:42 2021,0.94,best,2
Mon Mar  8 10:39:42 2021,0.94,good,2
Mon Mar  8 10:39:42 2021,0.94,work,2
Mon Mar  8 10:39:42 2021,0.94,ago,1
Mon Mar  8 10:39:42 2021,0.94,cash,1
Mon Mar  8 10:39:42 2021,0.94,guess,1
Mon Mar  8 10:39:42 2021,0.94,gme,1
Mon Mar  8 10:39:42 2021,0.94,job,1
Mon Mar  8 10:39:42 2021,0.94,new,1
Sun Mar  7 20:47:54 2021,0.96,best,3
Sun Mar  7 20:47:54 2021,0.96,brt,2
Sun Mar  7 20:47:54 2021,0.96,fact,2
Sun Mar  7 20:47:54 2021,0.96,new,2
Sun Mar  7 20:47:54 2021,0.96,pltr,2
Sun Mar  7 20:47:54 2021,0.96,work,2
Sun Mar  7 20:47:54 2021,0.96,safe,1
Mon Mar  8 12:24:36 2021,0.93,work,4
Mon Mar  8 12:24:36 2021,0.93,big,2
Mon Mar  8 12:24:36 2021,0.93,guess,2
Mon Mar  8 12:24:36 2021,0.93,gme,2
Mon Mar  8 12:24:36 2021,0.93,info,1
Mon Mar  8 12:24:36 2021,0.93,song,1
Mon Mar  8 12:24:36 2021,0.93,ship,1
Mon Mar  8 12:24:36 2021,0.93,post,1
Mon Mar  8 12:24:36 2021,0.93,new,1
Mon Mar  8 12:24:36 2021,0.93,msm,1
Mon Mar  8 13:49:38 2021,0.93,job,2
Mon Mar  8 13:49:38 2021,0.93,edit,1
Mon Mar  8 13:49:38 2021,0.93,good,1
Mon Mar  8 03:00:14 2021,0.94,twitter,1
Mon Mar  8 14:31:29 2021,0.95,ago,1
Mon Mar  8 14:31:29 2021,0.95,gme,1
Mon Mar  8 14:31:29 2021,0.95,id,1
Mon Mar  8 14:31:29 2021,0.95,low,1
Mon Mar  8 14:31:29 2021,0.95,work,1
Mon Mar  8 08:13:38 2021,0.73,uwmc,2
Mon Mar  8 08:13:38 2021,0.73,amc,1
Mon Mar  8 08:13:38 2021,0.73,edit,1
Mon Mar  8 08:13:38 2021,0.73,gme,1
Mon Mar  8 08:13:38 2021,0.73,good,1
Mon Mar  8 08:13:38 2021,0.73,rkt,1
Sun Mar  7 18:00:08 2021,0.95,good,4
Sun Mar  7 18:00:08 2021,0.95,big,3
Sun Mar  7 18:00:08 2021,0.95,safe,3
Sun Mar  7 18:00:08 2021,0.95,ride,3
Sun Mar  7 18:00:08 2021,0.95,tho,3
Sun Mar  7 18:00:08 2021,0.95,car,3
Sun Mar  7 18:00:08 2021,0.95,edit,3
Sun Mar  7 18:00:08 2021,0.95,kids,2
Sun Mar  7 18:00:08 2021,0.95,gme,2
Sun Mar  7 18:00:08 2021,0.95,job,2
Mon Mar  8 13:12:46 2021,0.96,ago,1
Mon Mar  8 13:12:46 2021,0.96,dd,1
Mon Mar  8 13:12:46 2021,0.96,gain,1
Mon Mar  8 13:12:46 2021,0.96,guess,1
Mon Mar  8 13:12:46 2021,0.96,gme,1
Mon Mar  8 13:12:46 2021,0.96,new,1
Mon Mar  8 13:15:21 2021,0.86,amc,2
Mon Mar  8 13:15:21 2021,0.86,cash,2
Mon Mar  8 13:15:21 2021,0.86,ceo,2
Mon Mar  8 13:15:21 2021,0.86,huge,2
Mon Mar  8 13:15:21 2021,0.86,big,1
Mon Mar  8 13:15:21 2021,0.86,imax,1
Mon Mar  8 13:15:21 2021,0.86,open,1
Mon Mar  8 13:15:21 2021,0.86,ride,1
Mon Mar  8 13:15:21 2021,0.86,true,1
Mon Mar  8 11:46:22 2021,0.65,gain,3
Mon Mar  8 11:46:22 2021,0.65,apps,1
Mon Mar  8 11:46:22 2021,0.65,popular,1
Mon Mar  8 11:46:22 2021,0.65,dd,1
Mon Mar  8 11:46:22 2021,0.65,eyes,1
Mon Mar  8 11:46:22 2021,0.65,huge,1
Mon Mar  8 11:46:22 2021,0.65,live,1
Mon Mar  8 11:46:22 2021,0.65,pump,1
Mon Mar  8 11:46:22 2021,0.65,rare,1
Mon Mar  8 11:46:22 2021,0.65,trip,1
Mon Mar  8 08:11:16 2021,0.69,amc,4
Mon Mar  8 08:11:16 2021,0.69,disney,2
Mon Mar  8 08:11:16 2021,0.69,big,1
Mon Mar  8 08:11:16 2021,0.69,guess,1
Mon Mar  8 08:11:16 2021,0.69,key,1
Mon Mar  8 08:11:16 2021,0.69,live,1
Mon Mar  8 08:11:16 2021,0.69,new,1
Mon Mar  8 08:11:16 2021,0.69,play,1
Mon Mar  8 08:11:16 2021,0.69,post,1
Mon Mar  8 08:11:16 2021,0.69,stay,1
